<?xml version='1.0' encoding='UTF-8'?>
<!DOCTYPE hibernate-configuration PUBLIC
          "-//Hibernate/Hibernate Configuration DTD 3.0//EN"
          "http://hibernate.sourceforge.net/hibernate-configuration-3.0.dtd">
<!-- Generated by MyEclipse Hibernate Tools.                   -->
<hibernate-configuration>
<session-factory>
	<!-- 数据库URL -->
	<property name="connection.url">
		jdbc:oracle:thin:@localhost:1521:oracle11
	</property>
	<!-- 数据库用户 -->
	<property name="connection.username">A_hr</property>
	<!-- 数据库用户密码 -->
	<property name="connection.password">123456</property>
	<!-- 数据库 JDBC 驱动 -->
	<property name="connection.driver_class">
		oracle.jdbc.driver.OracleDriver
	</property>
	<!-- 是否将运行期生成的 SQL 输出到日志以供调试  -->
	<property name="show_sql">true</property>
	<!-- 每个数据库都有其对应的 Dialect 以匹配其平台特征 -->
	<property name="dialect">
		org.hibernate.dialect.OracleDialect
	</property>
	<property name="hbm2ddl.auto">update</property>
	<mapping class="cn.entity.Book" />
</session-factory>
</hibernate-configuration>